stage,epoch,train_loss,val_loss,val_dice,val_centroid_dist,val_focus_centroid_dist,val_centroid_dist_LL2,val_centroid_dist_LL4,val_centroid_dist_ANT,val_centroid_dist_Apex,run,val_centroid_dist_Base,val_centroid_dist_LL1,val_centroid_dist_LL3,val_selection_score,val_worst_focus_centroid_dist
supervised,1,0.5853385024882377,0.6841200937827429,0.432890772819519,10.466812234233926,15.21374513457219,12.600882252057394,13.55810171365738,10.363640348116556,24.332356224457424,cardiac_leads_apex_recovery_v3,,,,,
supervised,2,0.5724669415900048,0.6531210740407308,0.4526169846455256,9.73512271101828,12.961837307860453,9.056479806701342,14.57990382115046,10.247192978858948,17.963772624731064,cardiac_leads_apex_recovery_v3,,,,,
supervised,3,0.5637458562850952,0.6540983865658442,0.4535643359025319,11.871758782477292,16.526516509552795,9.14996616045634,15.281370123227438,11.90698770682017,29.76774204770724,cardiac_leads_apex_recovery_v3,,,,,
supervised,4,0.5532133674367945,0.6438469539086024,0.4641575266917546,10.095942028694685,13.897805623710155,9.424691220124563,14.043388644854229,9.907063166300455,22.21607946356137,cardiac_leads_apex_recovery_v3,,,,,
supervised,5,0.5503670421052487,0.6438683768113455,0.4647540152072906,9.624777972146315,11.313291976849236,9.442980567614237,15.658067305882772,11.90330946445465,8.248810569445292,cardiac_leads_apex_recovery_v3,,,,,
supervised,6,0.5543266357259548,0.6359159499406815,0.468697818617026,9.66460425241126,12.659956599275272,8.963132381439209,12.70301902294159,10.341368317604063,18.632306675116222,cardiac_leads_apex_recovery_v3,,,,,
supervised,7,0.5391891402132968,0.6511872907479604,0.4592463026444117,10.510935831952978,13.224934389193852,10.006878117720284,16.174583156903584,11.161138653755188,15.557137628396353,cardiac_leads_apex_recovery_v3,,,,,
supervised,8,0.5417584650059963,0.6190356637040774,0.4820292815566063,9.07497055000729,10.085370858510334,9.409378210703531,14.272790352503458,10.34533723195394,6.313977638880412,cardiac_leads_apex_recovery_v3,,,,,
supervised,9,0.5232544630131823,0.648037408788999,0.4662097369631131,10.0620621525579,12.879360787570477,9.502784450848898,14.473360300064089,10.944275031487146,16.597023367881775,cardiac_leads_apex_recovery_v3,,,,,
supervised,10,0.5216927236699044,0.6382279843091965,0.4690691878398259,10.294546905491089,13.788215577602386,9.631000141302744,13.964544614156088,10.376288135846456,21.18102941910426,cardiac_leads_apex_recovery_v3,,,,,
supervised,11,0.53278545306084,0.6311922942598661,0.4781059647599856,9.469245237884698,12.248496005932491,9.37658828496933,11.0948895017306,9.774215777715048,18.748290459314983,cardiac_leads_apex_recovery_v3,,,,,
supervised,12,0.5177821859400323,0.6285259326299032,0.4754247367382049,12.03005188151642,16.244632792969547,17.10171244541804,19.400198698043823,9.445318778355915,19.0313012500604,cardiac_leads_apex_recovery_v3,,,,,
supervised,13,0.5213014825861505,0.6163068066040674,0.4842063163717587,9.114452172760611,11.814408945540588,9.950950900713602,11.704694549242657,9.355694035689035,16.246296296517055,cardiac_leads_apex_recovery_v3,,,,,
supervised,14,0.5129938182678628,0.6296162257591883,0.476930412153403,9.238898480931915,9.525565460324287,8.845076898733774,11.303962032000223,11.512163281440737,6.4410596291224165,cardiac_leads_apex_recovery_v3,,,,,
supervised,15,0.5124711242127926,0.6284622276822726,0.4754034851988156,8.259459414967782,9.211381067832312,9.606948455174765,8.397328972816467,11.540616114934286,7.300630728403727,cardiac_leads_apex_recovery_v3,,,,,
supervised,16,0.5068668184128213,0.6213353127241135,0.4806014845768611,10.157846168787392,10.960580103099346,9.71627410252889,18.693516234556835,9.98647439479828,5.446055680513382,cardiac_leads_apex_recovery_v3,,,,,
supervised,17,0.4980156846502994,0.6340089018146197,0.4724023416638374,9.276067979909756,9.27636987467607,9.044431388378143,9.913480718930565,11.605467359224956,6.542100032170613,cardiac_leads_apex_recovery_v3,,,,,
supervised,18,0.5124327553079483,0.6032106379667918,0.4934917911887169,8.544367685362145,10.202288851141931,9.48868461449941,8.477062861124674,17.217533747355144,5.6258741815884905,cardiac_leads_apex_recovery_v3,,,,,
supervised,19,0.512940673752034,0.6501646836598715,0.4658738921085993,8.92421665125423,10.70238978912433,9.278721769650778,9.135517378648125,10.77322200934092,13.622097998857498,cardiac_leads_apex_recovery_v3,,,,,
supervised,20,0.5038865753944884,0.6204738716284434,0.4802647903561592,8.328658315870497,9.315573734541733,9.5263960758845,8.99170301357905,11.870753526687622,6.873442322015762,cardiac_leads_apex_recovery_v3,,,,,
supervised,21,0.50158521406194,0.6234815493226051,0.4822910204529762,7.983924590879016,8.42952976624171,9.472824076811472,8.74442889293035,9.834731658299765,5.666134436925252,cardiac_leads_apex_recovery_v3,,,,,
supervised,22,0.5009079201424376,0.6281388327479362,0.4798716964821021,9.356266285534256,9.023834804693855,8.425391097863516,9.539306044578552,10.845977346102396,7.284664730230967,cardiac_leads_apex_recovery_v3,,,,,
supervised,23,0.4921271915131427,0.6017896806200346,0.500265767176946,8.017494893184415,8.004461710651716,8.563329041004181,6.865410486857097,10.032735268274942,6.556372046470642,cardiac_leads_apex_recovery_v3,,,,,
supervised,24,0.4967698277311122,0.5900853549440702,0.5050852497418722,7.914291764299075,7.905517019331454,9.5146035750707,7.036328474680583,9.529126266638436,5.542009760936101,cardiac_leads_apex_recovery_v3,,,,,
supervised,25,0.4967202233507278,0.602720764776071,0.4955608720580737,8.227524479782138,9.7383064776659,8.411245584487915,6.493960956732432,18.294125596682232,5.753893772761027,cardiac_leads_apex_recovery_v3,,,,,
supervised,1,0.4772172627296853,0.6140272244811058,0.4833880960941314,7.7900213527458675,11.172900603877174,8.535350104173025,,10.622275710105896,,cardiac_leads_base_ant_ll2_v4,14.3610759973526,,,,
supervised,2,0.4607933062188168,0.6062309866150221,0.4901318351427714,7.820466222586456,11.045601467291512,8.995567202568054,,9.75063180923462,,cardiac_leads_base_ant_ll2_v4,14.390605390071867,,,,
supervised,3,0.4477299356714208,0.6048148448268572,0.4920691599448522,8.040223836898802,11.46208213435279,9.629951675732933,,10.46606214841207,,cardiac_leads_base_ant_ll2_v4,14.29023257891337,,,,
supervised,4,0.4501226113197651,0.602740245560805,0.4938258975744247,7.915353644225331,11.354767375522192,9.209330876668297,,10.791810711224874,,cardiac_leads_base_ant_ll2_v4,14.0631605386734,,,,
supervised,5,0.449359600214248,0.6150180498758951,0.4876494705677032,9.333676521148949,14.496912644969091,9.612805525461832,,10.30229147275289,,cardiac_leads_base_ant_ll2_v4,23.575640936692555,,,,
supervised,6,0.4580414219105497,0.5996681898832321,0.4958835666378339,8.10125121695024,11.204312635792624,9.4793474872907,,10.12739888827006,,cardiac_leads_base_ant_ll2_v4,14.006191531817118,,,,
supervised,7,0.4401775471707608,0.6128488108515739,0.4901497003932794,8.853842386492975,14.304013119803535,9.547343611717224,,9.871389706929524,,cardiac_leads_base_ant_ll2_v4,23.49330604076385,,,,
supervised,8,0.4528179796452218,0.5924536834160486,0.5021733269095421,8.24588974316915,11.319550375143686,9.677358031272888,,9.992863337198893,,cardiac_leads_base_ant_ll2_v4,14.28842975695928,,,,
supervised,9,0.4288289705489544,0.6127728745341301,0.4894706023236115,7.871639540625943,11.184842709037992,9.639745235443115,,9.583067188660303,,cardiac_leads_base_ant_ll2_v4,14.33171570301056,,,,
supervised,10,0.4335893557426777,0.6085715691248575,0.4944965516527493,9.047339926715251,14.001745045185087,8.906558632850647,,10.131378173828123,,cardiac_leads_base_ant_ll2_v4,22.967298328876492,,,,
supervised,11,0.4446936852120338,0.6128468587994576,0.4905085265636444,11.126888203400156,16.698784238762325,9.247762660185495,,17.4896403948466,,cardiac_leads_base_ant_ll2_v4,23.358949661254883,,,,
supervised,12,0.4341800086041714,0.6057199041048685,0.4987525468071301,8.890034299757748,14.399876164065468,9.772934277852375,,10.360950410366058,,cardiac_leads_base_ant_ll2_v4,23.065743803977966,,,,
supervised,1,0.6795039075486203,0.6979155490795771,0.3741607367992401,18.859290647561902,,,,11.572065909703571,75.94144598642985,cardiac_leads_centroid_rebalance_v2,,14.652821391820908,16.398741722106934,,
supervised,2,0.6560204371492914,0.6926232874393463,0.3837225635846455,19.728773267732727,,,,11.63660168647766,69.24341011047363,cardiac_leads_centroid_rebalance_v2,,14.988674953579904,22.124009648958843,,
supervised,3,0.6438070789296576,0.6849043766657511,0.3918330619732539,16.301385516369788,,,,12.241905371348064,59.04237365722656,cardiac_leads_centroid_rebalance_v2,,14.81532200674216,10.729509015878042,,
supervised,4,0.6286837483974214,0.6635952045520147,0.4087518652280171,15.218803301729537,,,,10.908633947372437,58.53137469291687,cardiac_leads_centroid_rebalance_v2,,5.25937361518542,18.70600950717926,,
supervised,5,0.6356249299455197,0.6879205058018366,0.3949687108397484,14.481605434307346,,,,13.402068376541138,46.11459366480509,cardiac_leads_centroid_rebalance_v2,,16.160586893558502,10.503275712331137,,
supervised,6,0.6285245355139387,0.6726605494817098,0.3992073188225428,12.090730932575685,,,,11.17478330930074,44.5226796468099,cardiac_leads_centroid_rebalance_v2,,6.059001137812932,8.485414942105612,,
supervised,7,0.6179066807665723,0.6786813239256541,0.3938842018445332,12.150338921282026,,,,10.942512392997742,35.38561928272247,cardiac_leads_centroid_rebalance_v2,,13.780331109960876,6.8381725152333575,,
supervised,8,0.6206989960467562,0.6610604921976725,0.4192297458648681,12.639539019101198,,,,10.1720117131869,30.85372285048167,cardiac_leads_centroid_rebalance_v2,,15.276142778495949,7.853804171085358,,
supervised,9,0.6017437310928994,0.6693464269240698,0.4193058783809344,12.626848310508109,,,,11.069762667020164,32.951480527718864,cardiac_leads_centroid_rebalance_v2,,12.244509443640707,11.156007011731466,,
supervised,10,0.6095939151784207,0.651727040608724,0.4302838246027629,11.653901195912448,,,,10.85484743118286,29.77834757169088,cardiac_leads_centroid_rebalance_v2,,10.758186370134354,10.084515710671743,,
supervised,11,0.6066286297554665,0.6604704062143961,0.425917220612367,12.296331561274002,,,,11.538769364356996,34.88732719421387,cardiac_leads_centroid_rebalance_v2,,11.545360371470451,10.48900149265925,,
supervised,12,0.5975711459809161,0.6480169693628947,0.4332925056417783,11.319733322770508,,,,11.34713657697042,30.60491339365641,cardiac_leads_centroid_rebalance_v2,,7.169336676597595,9.362980902194977,,
supervised,13,0.5995592164232376,0.6635132605830828,0.4155772464970748,13.167747297772657,,,,10.350892821947731,26.439186414082844,cardiac_leads_centroid_rebalance_v2,,16.385025575757027,10.626096169153849,,
supervised,14,0.5817565600922767,0.6687041372060776,0.4205947940548261,13.606946519679497,,,,11.779463768005373,45.14461398124695,cardiac_leads_centroid_rebalance_v2,,10.666685998439789,8.104355951150259,,
supervised,15,0.5728549399274461,0.6379624505837759,0.4450863376259804,10.9102975309447,,,,11.544426798820496,34.763038436571755,cardiac_leads_centroid_rebalance_v2,,5.72756959994634,7.909819821516673,,
supervised,16,0.5730819258284061,0.6270292898019155,0.4494619543353716,9.53702584516119,,,,10.721940835316977,26.39622928698857,cardiac_leads_centroid_rebalance_v2,,3.078828190763792,8.274818420410156,,
supervised,17,0.5775803257810309,0.6303757379452387,0.4484054545561473,9.067861224214235,,,,10.691767573356628,25.439476748307545,cardiac_leads_centroid_rebalance_v2,,3.0445525497198105,7.735336403052012,,
supervised,18,0.5645018822335183,0.6102171838283539,0.4641938159863154,10.01803679653892,,,,10.263721267382303,25.960045059521992,cardiac_leads_centroid_rebalance_v2,,6.60387322306633,9.032545487085978,,
supervised,19,0.5458809175389878,0.6146022528409958,0.4592493176460266,10.07953805283264,,,,11.070068955421448,22.50228915611903,cardiac_leads_centroid_rebalance_v2,,8.151443796853224,9.165782709916432,,
supervised,20,0.5454065108552892,0.6249412447214127,0.4498031536738078,10.757085160524758,,,,11.18758463859558,28.620693186918896,cardiac_leads_centroid_rebalance_v2,,14.64764212568601,8.583961764971415,,
supervised,21,0.5489486925145413,0.6181044975916544,0.448019728064537,10.58294887288853,,,,10.358607292175291,18.607482711474105,cardiac_leads_centroid_rebalance_v2,,17.041598374644916,8.805339495340982,,
supervised,22,0.5459096704391723,0.6269411618510882,0.4503964918355147,13.06877493803148,,,,10.763963063557943,23.48008604844411,cardiac_leads_centroid_rebalance_v2,,15.806438302000364,13.534152110417685,,
supervised,23,0.5511479193859912,0.6024899383385977,0.4681894083817799,10.358523752954271,,,,9.694873213768004,22.88350482781728,cardiac_leads_centroid_rebalance_v2,,8.562685340642929,7.46003782749176,,
supervised,24,0.5343713906217129,0.5995165357987086,0.4675190970301628,9.692420749200716,,,,10.482502937316896,14.416550556818644,cardiac_leads_centroid_rebalance_v2,,5.694200798869133,11.787844975789389,,
supervised,25,0.5318186891839859,0.6060203885038694,0.4613472918669383,11.08265061290176,,,,10.218236764272056,28.438630044460297,cardiac_leads_centroid_rebalance_v2,,2.8595930337905884,13.2800794839859,,
supervised,26,0.523520328263019,0.5894992922743162,0.4693826039632161,10.706223232050736,,,,9.78920873006185,23.61007223526637,cardiac_leads_centroid_rebalance_v2,,5.877738210062186,8.307860851287842,,
supervised,27,0.5278602470742896,0.593222014605999,0.4710400427381198,9.594087213553763,,,,9.582771241664886,20.00173991918564,cardiac_leads_centroid_rebalance_v2,,4.296019022663434,5.32886544863383,,
supervised,1,1.715532972457561,1.59579798579216,0.0023176216345746,62.63294958185266,,,,67.29367733001709,,cardiac_leads_focused_LL1_ANT,,66.87715975443523,,,
supervised,2,1.463871440988906,1.329744537671407,0.0031272647320292,65.52350900349794,,,,73.9228614171346,,cardiac_leads_focused_LL1_ANT,,52.82470909754435,,,
supervised,3,1.2620330490964524,1.1997997562090557,0.0121681196518087,79.68307464652591,,,,76.10764090220134,,cardiac_leads_focused_LL1_ANT,,99.21341387430827,,,
supervised,4,1.1755026096993304,1.1446934342384338,0.0330883376300334,77.17694888291534,,,,70.2151476542155,,cardiac_leads_focused_LL1_ANT,,92.39191055297852,,,
supervised,5,1.1330036711185536,1.1132723689079285,0.0457062390632927,70.55515821333285,,,,64.74875895182292,,cardiac_leads_focused_LL1_ANT,,85.2299124399821,,,
supervised,6,1.1057531554648217,1.0913205941518147,0.0644549114319185,57.393793589539,,,,49.09664090474447,,cardiac_leads_focused_LL1_ANT,,69.94188340504964,,,
supervised,7,1.087045946019761,1.0781196057796478,0.0842711399891413,54.07553326310936,,,,60.61836655934652,,cardiac_leads_focused_LL1_ANT,,53.86049302419027,,,
supervised,8,1.072899671311074,1.0698144733905792,0.0506464093923568,54.8931884235806,,,,51.3985071182251,,cardiac_leads_focused_LL1_ANT,,62.52067915598551,,,
supervised,9,1.0582784744019205,1.0543658137321472,0.0819369489327073,51.01080761353175,,,,49.921616554260254,,cardiac_leads_focused_LL1_ANT,,54.77703666687012,,,
supervised,10,1.0477132137785568,1.0451199611028037,0.0886146926010648,49.68581546456725,,,,60.3798770904541,,cardiac_leads_focused_LL1_ANT,,46.9031457901001,,,
supervised,11,1.033430129923719,1.0272164940834043,0.1172077221175034,45.80824757505346,,,,35.458996852238975,,cardiac_leads_focused_LL1_ANT,,41.439510663350426,,,
supervised,12,1.0228601136106126,1.0136125981807709,0.1020109274735053,46.74014298121136,,,,31.059077978134155,,cardiac_leads_focused_LL1_ANT,,47.93254089355469,,,
supervised,13,1.0141526562102297,1.0066302170356114,0.0829271723826726,48.03744129119096,,,,38.4325430393219,,cardiac_leads_focused_LL1_ANT,,51.61768627166748,,,
supervised,14,0.9963036445861168,0.9951590945323308,0.106966661910216,46.15476323940136,,,,45.83481295903524,,cardiac_leads_focused_LL1_ANT,,42.279387633005776,,,
supervised,15,0.9815182444897104,0.9765562464793524,0.1270506785561641,44.08972557385763,,,,40.81959056854248,,cardiac_leads_focused_LL1_ANT,,36.97606547673544,,,
supervised,16,0.9693865370243152,0.9665066202481588,0.1426192112267017,44.13195368206059,,,,54.0615873336792,,cardiac_leads_focused_LL1_ANT,,22.980728268623352,,,
supervised,17,0.9454475311522788,0.9398246457179388,0.1486803839604059,42.47505697166479,,,,31.423746426900227,,cardiac_leads_focused_LL1_ANT,,24.454208811124165,,,
supervised,18,0.9299383176133988,0.9235650797684988,0.1593774581948916,38.6036306961819,,,,27.760568459828693,,cardiac_leads_focused_LL1_ANT,,15.798745274543762,,,
supervised,19,0.9156628441303334,0.9276317457358042,0.1480503830437859,40.066032537155685,,,,25.24445080757141,,cardiac_leads_focused_LL1_ANT,,22.022744009892147,,,
supervised,20,0.8959394934329581,0.9053508390982946,0.1500210799276828,36.22484008250414,,,,28.40163556734721,,cardiac_leads_focused_LL1_ANT,,23.764122913281124,,,
supervised,21,0.8864544706141695,0.8820482144753138,0.1710196882486343,37.96112862118968,,,,39.375781536102295,,cardiac_leads_focused_LL1_ANT,,15.08952329059442,,,
supervised,22,0.8711075009183681,0.8796537270148596,0.1840046880145867,33.72007405702714,,,,44.21153521537781,,cardiac_leads_focused_LL1_ANT,,18.937472979227703,,,
supervised,23,0.8606081516184705,0.8626436988512675,0.1902662826081117,33.97248453674493,,,,37.49512267112732,,cardiac_leads_focused_LL1_ANT,,19.63561177253723,,,
supervised,24,0.857982818116533,0.8488343507051468,0.1941465735435485,32.153026385991666,,,,23.99749875068665,,cardiac_leads_focused_LL1_ANT,,12.021703253189722,,,
supervised,25,0.8550100034855782,0.85671233634154,0.1883348487317562,32.96625381846119,,,,31.677543878555294,,cardiac_leads_focused_LL1_ANT,,14.755208949247995,,,
supervised,26,0.8477485649129177,0.8536751568317413,0.1865635154147943,31.51307594720964,,,,28.295703887939453,,cardiac_leads_focused_LL1_ANT,,18.62804513176282,,,
supervised,27,0.8442448415654771,0.8648934165636698,0.186054969827334,35.11507883778325,,,,29.668616771698,,cardiac_leads_focused_LL1_ANT,,27.33485237757365,,,
supervised,28,0.8357419016513419,0.8519310156504313,0.1978017451862494,30.50554656209769,,,,21.61326710383097,,cardiac_leads_focused_LL1_ANT,,13.877508878707886,,,
supervised,29,0.83504877572364,0.846598486105601,0.2006382318213582,34.25571326966639,,,,21.003151456514995,,cardiac_leads_focused_LL1_ANT,,22.64534456531207,,,
supervised,30,0.8137777929610395,0.8293486485878626,0.2132887082795302,26.042493189926503,,,,13.310034116109213,,cardiac_leads_focused_LL1_ANT,,14.188876469930014,,,
supervised,31,0.8116804691071206,0.8263882845640182,0.2371150813996791,25.36209367822718,,,,12.5483984152476,,cardiac_leads_focused_LL1_ANT,,21.295622050762177,,,
supervised,32,0.802971952773155,0.8300839612881342,0.2353041333456834,26.859564596856085,,,,25.19213036696116,,cardiac_leads_focused_LL1_ANT,,13.804169634977976,,,
supervised,33,0.7770652935860005,0.808636317650477,0.2322312382360299,25.83165224779536,,,,10.913435459136965,,cardiac_leads_focused_LL1_ANT,,15.715863347053528,,,
supervised,34,0.7880337022720499,0.8027813533941904,0.2569932204981645,22.4324451284828,,,,20.91366438070933,,cardiac_leads_focused_LL1_ANT,,9.291643410921097,,,
supervised,35,0.7740647412360983,0.8050918430089951,0.2546927823374669,26.356734601435832,,,,13.047885278860727,,cardiac_leads_focused_LL1_ANT,,17.585160672664642,,,
supervised,36,0.7647830171787993,0.7710346976915995,0.2655048556625843,21.01331891560996,,,,10.660092731316883,,cardiac_leads_focused_LL1_ANT,,7.819104045629501,,,
supervised,37,0.7624740904950081,0.7923685560623804,0.2508754252145688,22.44537154888665,,,,14.597167690594992,,cardiac_leads_focused_LL1_ANT,,11.072681958476702,,,
supervised,38,0.736137921505786,0.7728193600972494,0.2831850635508696,22.10962858851309,,,,14.066823681195578,,cardiac_leads_focused_LL1_ANT,,9.339819649855295,,,
supervised,39,0.7354137326808686,0.7652131915092468,0.289099791397651,20.446386980513733,,,,14.56984301408132,,cardiac_leads_focused_LL1_ANT,,10.858178898692133,,,
supervised,40,0.7401263789927706,0.7613124847412109,0.2784538939595222,18.956164061471267,,,,16.970650394757588,,cardiac_leads_focused_LL1_ANT,,3.3185852269331613,,,
supervised,41,0.7232524511661935,0.7507009456555048,0.2975416220724582,19.468147205533807,,,,13.783721129099527,,cardiac_leads_focused_LL1_ANT,,7.629300937056541,,,
supervised,42,0.7068939120211499,0.7190390527248383,0.3215924948453903,17.321034959896846,,,,11.140517711639404,,cardiac_leads_focused_LL1_ANT,,2.67413829267025,,,
supervised,43,0.7014327429710551,0.7196689794460932,0.3176764585077762,18.56902676241265,,,,9.913078228632608,,cardiac_leads_focused_LL1_ANT,,5.279120276371638,,,
supervised,44,0.6938826910992886,0.7336966395378113,0.3016286864876747,17.958315808188033,,,,13.126696825027466,,cardiac_leads_focused_LL1_ANT,,4.226677308479945,,,
supervised,45,0.6963185148036226,0.7107264002164205,0.3272400436302026,19.7005398651516,,,,23.12477062145869,,cardiac_leads_focused_LL1_ANT,,4.918729975819588,,,
supervised,46,0.7023568140699509,0.7090794692436854,0.3441170466442902,15.92271599035572,,,,11.18602736790975,,cardiac_leads_focused_LL1_ANT,,4.186754410465558,,,
supervised,47,0.6759979255655979,0.73525570333004,0.314049528290828,20.584842856214557,,,,17.092629710833233,,cardiac_leads_focused_LL1_ANT,,13.239558681845663,,,
supervised,48,0.6734923694996123,0.6933840115865072,0.343314000715812,18.009247410559542,,,,11.695867002010344,,cardiac_leads_focused_LL1_ANT,,8.001663506031036,,,
supervised,49,0.6555111357506286,0.6712594678004583,0.3695046876867612,16.786022262578765,,,,12.081174314022064,,cardiac_leads_focused_LL1_ANT,,6.968109535674254,,,
supervised,50,0.6399684205968329,0.6960154622793198,0.3503992172578971,19.165467740760917,,,,13.543726921081545,,cardiac_leads_focused_LL1_ANT,,11.156468639771145,,,
supervised,1,1.7113340357516675,1.5876991252104442,0.0022952757814588,62.65544567947035,,,,,,cardiac_leads_multichannel_landmarks,,,,,
supervised,2,1.4532875025526006,1.3132502635320027,0.006461237266194,66.87259646698281,,,,,,cardiac_leads_multichannel_landmarks,,,,,
supervised,3,1.251157889974878,1.191767414410909,0.0166554900545937,70.38875454001958,,,,,,cardiac_leads_multichannel_landmarks,,,,,
supervised,4,1.1713683021829484,1.141799509525299,0.0310637805766115,76.27906565312988,,,,,,cardiac_leads_multichannel_landmarks,,,,,
supervised,5,1.1327147331643612,1.111661156018575,0.0437522220114866,72.31714342258594,,,,,,cardiac_leads_multichannel_landmarks,,,,,
supervised,6,1.1063178397239524,1.0944784780343373,0.0495625763821105,62.39930097262064,,,,,,cardiac_leads_multichannel_landmarks,,,,,
supervised,7,1.0876189952201032,1.080123285452525,0.064221226144582,62.006631730883214,,,,,,cardiac_leads_multichannel_landmarks,,,,,
supervised,8,1.0740574496857664,1.0679584741592407,0.048470474469165,55.23378682136536,,,,,,cardiac_leads_multichannel_landmarks,,,,,
supervised,9,1.058093918130753,1.0528903007507324,0.0680044880136847,52.50203358023256,,,,,,cardiac_leads_multichannel_landmarks,,,,,
supervised,10,1.0487834899983508,1.043979912996292,0.104533818239967,47.19244815464373,,,,,,cardiac_leads_multichannel_landmarks,,,,,
supervised,11,1.039018118635137,1.0322537620862324,0.110513179252545,47.05263245878397,,,,,,cardiac_leads_multichannel_landmarks,,,,,
supervised,12,1.02766249027658,1.0162390768527985,0.1005764429767926,47.039324846532615,,,,,,cardiac_leads_multichannel_landmarks,,,,,
supervised,13,1.019330988539026,1.007641687989235,0.1026617096116145,45.38923146023794,,,,,,cardiac_leads_multichannel_landmarks,,,,,
supervised,14,1.003908319676176,0.997098351518313,0.1167898004253705,45.07665139271154,,,,,,cardiac_leads_multichannel_landmarks,,,,,
supervised,15,0.988551749828014,0.9915473014116288,0.1014813420673211,48.0676064601651,,,,,,cardiac_leads_multichannel_landmarks,,,,,
supervised,16,0.9836555047238128,0.9737494637568792,0.1469908927877744,42.913370755811535,,,,,,cardiac_leads_multichannel_landmarks,,,,,
supervised,17,0.9654212898396431,0.9756482243537904,0.1426410575707753,44.491552801043895,,,,,,cardiac_leads_multichannel_landmarks,,,,,
supervised,18,0.9507329375185865,0.946663056810697,0.1411194944133361,42.53009104949456,,,,,,cardiac_leads_multichannel_landmarks,,,,,
supervised,19,0.9328862136982856,0.9226717799901962,0.17224724466602,37.23494185838434,,,,,,cardiac_leads_multichannel_landmarks,,,,,
supervised,20,0.9161411929637828,0.911522626876831,0.1736118743817011,37.13838459385766,,,,,,cardiac_leads_multichannel_landmarks,,,,,
supervised,21,0.9019111889473936,0.8974137455224991,0.1793433763086795,34.90719738768207,,,,,,cardiac_leads_multichannel_landmarks,,,,,
supervised,22,0.8881961094572189,0.892589807510376,0.1814471445977687,35.19490337923722,,,,,,cardiac_leads_multichannel_landmarks,,,,,
supervised,23,0.8836551283268218,0.8939804236094157,0.1766894074777762,36.19757515633548,,,,,,cardiac_leads_multichannel_landmarks,,,,,
supervised,24,0.8792547900626,0.8639398564894994,0.2091372249027093,32.038677239859545,,,,,,cardiac_leads_multichannel_landmarks,,,,,
supervised,25,0.8722262712235146,0.8690034945805868,0.2034176352123419,31.196524807700403,,,,,,cardiac_leads_multichannel_landmarks,,,,,
supervised,26,0.8641133257683288,0.8601077049970627,0.2147127911448478,26.68789266932893,,,,,,cardiac_leads_multichannel_landmarks,,,,,
supervised,27,0.8425076946299127,0.8401761949062347,0.2358310582737127,23.17099045217037,,,,,,cardiac_leads_multichannel_landmarks,,,,,
supervised,28,0.8315408711737775,0.8266041080156962,0.2674173625806967,18.898187906653792,,,,,,cardiac_leads_multichannel_landmarks,,,,,
supervised,29,0.8286973593082834,0.8591058701276779,0.2195751679440339,24.971582999659912,,,,,,cardiac_leads_multichannel_landmarks,,,,,
supervised,30,0.8086853382435251,0.8139462818702062,0.2677136448522408,21.181379973336504,,,,,,cardiac_leads_multichannel_landmarks,,,,,
supervised,31,0.8075327264501694,0.8199540625015894,0.2661306026081244,22.694884971887973,,,,,,cardiac_leads_multichannel_landmarks,,,,,
supervised,32,0.7997379708797374,0.8634901444117228,0.230189848691225,29.468531481645723,,,,,,cardiac_leads_multichannel_landmarks,,,,,
supervised,33,0.7901682587380104,0.829383393128713,0.2501992670198281,28.946606304358557,,,,,,cardiac_leads_multichannel_landmarks,,,,,
supervised,34,0.7869988147248613,0.7754243910312653,0.3078627685705821,19.071579383203275,,,,,,cardiac_leads_multichannel_landmarks,,,,,
supervised,35,0.7767621316808335,0.7692530006170273,0.3053150127331416,19.9294998585074,,,,,,cardiac_leads_multichannel_landmarks,,,,,
supervised,36,0.7618979240985627,0.7598278671503067,0.3115925441185633,18.16630219226634,,,,,,cardiac_leads_multichannel_landmarks,,,,,
supervised,37,0.7604188906385544,0.7562505851189295,0.3108156894644101,18.504182471997208,,,,,,cardiac_leads_multichannel_landmarks,,,,,
supervised,38,0.748541088814431,0.743678535024325,0.3235535994172096,18.18244856706372,,,,,,cardiac_leads_multichannel_landmarks,,,,,
supervised,39,0.7476559420849415,0.7491016338268915,0.3175273711482684,20.60581495254128,,,,,,cardiac_leads_multichannel_landmarks,,,,,
supervised,40,0.740275262518132,0.7535006403923035,0.3042761559287707,21.071838821112006,,,,,,cardiac_leads_multichannel_landmarks,,,,,
supervised,41,0.7300783598676641,0.751775657137235,0.3055793556074301,21.649454285701115,,,,,,cardiac_leads_multichannel_landmarks,,,,,
supervised,42,0.7224569130451122,0.7081462244192759,0.3471804112195968,16.560442095001537,,,,,,cardiac_leads_multichannel_landmarks,,,,,
supervised,43,0.7194331947793352,0.7349977940320969,0.3270077134172122,18.36321334292491,,,,,,cardiac_leads_multichannel_landmarks,,,,,
supervised,44,0.7155930158939767,0.716055209438006,0.3394646073381106,17.94207502570417,,,,,,cardiac_leads_multichannel_landmarks,,,,,
supervised,45,0.7117192732526901,0.7222660928964615,0.3386302813887596,20.15492061470394,,,,,,cardiac_leads_multichannel_landmarks,,,,,
supervised,46,0.7158006607217992,0.7112521231174469,0.3443247452378273,14.92073462875905,,,,,,cardiac_leads_multichannel_landmarks,,,,,
supervised,47,0.7113859805654972,0.7038134088118871,0.348661149541537,15.789361725802772,,,,,,cardiac_leads_multichannel_landmarks,,,,,
supervised,48,0.6956867322008661,0.6805029114087423,0.3759703263640404,14.874742291039889,,,,,,cardiac_leads_multichannel_landmarks,,,,,
supervised,49,0.6885715507446452,0.6853687266508738,0.3621767610311508,12.606080586159672,,,,,,cardiac_leads_multichannel_landmarks,,,,,
supervised,50,0.6827419019759969,0.6914858569701513,0.3604308975239594,16.014123491115043,,,,,,cardiac_leads_multichannel_landmarks,,,,,
supervised,1,0.4245491471696407,0.5972477893034617,0.491653478393952,7.819034195608562,11.499723454316458,9.617319564024609,,10.787217458089192,,cardiac_leads_no_spatial_aug_v6,14.094633340835571,,,8.560685756968125,
supervised,2,0.4144246096306659,0.5990755409002304,0.4913990261654059,9.766623091366556,17.002174874146778,10.055953999360405,,17.943547010421753,,cardiac_leads_no_spatial_aug_v6,23.007023612658184,,,11.33415127015776,
supervised,3,0.406251793212079,0.6017468199133873,0.4888277960320313,9.483794875167035,17.02798026137882,9.786720057328544,,17.998469193776447,,cardiac_leads_no_spatial_aug_v6,23.298751533031464,,,11.060336322309796,
supervised,4,0.4053355804149141,0.5963152075807253,0.4908489373823007,9.36210285347921,16.811605122354297,9.462054153283438,,17.943547010421753,,cardiac_leads_no_spatial_aug_v6,23.029214203357697,,,10.902145747067753,
supervised,5,0.4016665936784541,0.5942008296648661,0.4934433015684287,9.463919941473891,16.841354833708866,9.660151779651642,,17.834698518117268,,cardiac_leads_no_spatial_aug_v6,23.029214203357697,,,11.003236563393363,
supervised,6,0.4036047896172138,0.5869574422637621,0.5001361817121506,9.586809845434294,16.790115813414257,9.660151779651642,,17.77726338307063,,cardiac_leads_no_spatial_aug_v6,22.932932277520496,,,11.105054854022132,
supervised,7,0.3946748058846656,0.5924648294846216,0.4973884783685207,9.45638857064424,16.956165578630234,9.711480597654978,,17.943547010421753,,cardiac_leads_no_spatial_aug_v6,23.213469127813976,,,11.005036450701734,
supervised,8,0.3905998683990316,0.5896740307410558,0.4983461486796538,9.522626110249096,16.88968821366628,9.627147376537325,,17.998469193776447,,cardiac_leads_no_spatial_aug_v6,23.04344807068507,,,11.05938704493973,
supervised,9,0.386818380431926,0.596484345694383,0.4935455570618312,9.509854945871568,16.857717010709976,9.506165126959482,,17.853516777356464,,cardiac_leads_no_spatial_aug_v6,23.213469127813976,,,11.0514213833544,
supervised,1,3.682690539258592,3.261753042538961,1.7951598370776385e-06,,,,,,,cardiac_leads_ssl,,,,,
supervised,2,3.2090435941168605,3.0186674992243447,4.035284329499215e-06,,,,,,,cardiac_leads_ssl,,,,,
supervised,3,2.8821060200955007,2.6292146841684976,1.1127689238795332e-05,,,,,,,cardiac_leads_ssl,,,,,
supervised,4,2.548217479218828,2.391182621320089,1.962024055046641e-05,,,,,,,cardiac_leads_ssl,,,,,
supervised,5,2.3445963555193963,2.2082290848096213,3.823092727846719e-05,,,,,,,cardiac_leads_ssl,,,,,
supervised,6,2.133776517624551,2.11721154054006,4.36851907276529e-05,,,,,,,cardiac_leads_ssl,,,,,
supervised,7,2.079715523313969,2.079361706972122,1.7491204213608096e-05,,,,,,,cardiac_leads_ssl,,,,,
supervised,8,2.002019765529227,2.0952096978823342,5.1812459939052737e-05,,,,,,,cardiac_leads_ssl,,,,,
supervised,9,2.0004635237632917,2.032312661409378,3.449794985499466e-05,,,,,,,cardiac_leads_ssl,,,,,
supervised,10,1.9869625796663,2.002461075782776,2.366645624836868e-05,,,,,,,cardiac_leads_ssl,,,,,
supervised,11,1.9795527737191383,1.9669885039329529,5.099084743657537e-05,,,,,,,cardiac_leads_ssl,,,,,
supervised,12,1.9206571680434208,2.004068205753962,2.8390074097236116e-05,,,,,,,cardiac_leads_ssl,,,,,
supervised,13,1.9003645029473808,1.9230997860431671,5.303804588644804e-05,,,,,,,cardiac_leads_ssl,,,,,
supervised,14,1.9076931273683588,1.9814568956693013,4.39936732921827e-05,,,,,,,cardiac_leads_ssl,,,,,
supervised,15,1.9012119135958083,1.989978452523549,4.283121173405865e-05,,,,,,,cardiac_leads_ssl,,,,,
supervised,16,1.8643655497977076,1.9596040447553,6.065977837958295e-05,,,,,,,cardiac_leads_ssl,,,,,
supervised,17,1.8589978141987575,2.075257658958435,4.5588134147086144e-05,,,,,,,cardiac_leads_ssl,,,,,
supervised,18,1.817868065326772,1.9636753797531128,4.367687370177009e-05,,,,,,,cardiac_leads_ssl,,,,,
supervised,19,1.853406530745486,2.026163866122564,9.119476326683676e-05,,,,,,,cardiac_leads_ssl,,,,,
supervised,20,1.838800255288469,1.9689775208632152,6.304519865807379e-05,,,,,,,cardiac_leads_ssl,,,,,
supervised,21,1.7899949271628195,1.9392407437165575,7.557167009508703e-05,,,,,,,cardiac_leads_ssl,,,,,
supervised,22,1.8039037521849288,1.95387997229894,7.9311844122761e-05,,,,,,,cardiac_leads_ssl,,,,,
supervised,23,1.812944199176545,1.9212631583213808,5.9480608797457535e-05,,,,,,,cardiac_leads_ssl,,,,,
supervised,24,1.7891672951109865,1.9620693723360696,9.742128880437424e-05,,,,,,,cardiac_leads_ssl,,,,,
supervised,25,1.7772372580589133,1.9357417225837708,6.578971503283053e-05,,,,,,,cardiac_leads_ssl,,,,,
supervised,26,1.7676632607236822,1.9558140536149344,4.586716871320581e-05,,,,,,,cardiac_leads_ssl,,,,,
supervised,27,1.76559638723414,1.931104212999344,8.298577055635785e-05,,,,,,,cardiac_leads_ssl,,,,,
supervised,28,1.7586353941166657,1.8973412811756132,0.0001294141141746,,,,,,,cardiac_leads_ssl,,,,,
supervised,29,1.735346385773192,1.8895421028137207,0.0001079376364335,,,,,,,cardiac_leads_ssl,,,,,
supervised,30,1.6999036378048835,1.887506326039632,0.0001411829168015,,,,,,,cardiac_leads_ssl,,,,,
supervised,31,1.7290828659179365,1.9991947611172995,0.0001141494655409,,,,,,,cardiac_leads_ssl,,,,,
supervised,32,1.7424948266211977,1.8703505794207256,0.000113287559543,,,,,,,cardiac_leads_ssl,,,,,
supervised,33,1.6800287632232016,1.9466682473818464,8.861184492540512e-05,,,,,,,cardiac_leads_ssl,,,,,
supervised,34,1.6775962114334106,1.8934624393781023,0.0001025173075201,,,,,,,cardiac_leads_ssl,,,,,
supervised,35,1.6885719806589978,1.86466787258784,0.0001342243437344,,,,,,,cardiac_leads_ssl,,,,,
supervised,36,1.6547773467733504,1.8872908353805544,0.0001608852275391,,,,,,,cardiac_leads_ssl,,,,,
supervised,37,1.6651917112634538,2.0267895559469857,0.0001208494944269,,,,,,,cardiac_leads_ssl,,,,,
supervised,38,1.6578167575470946,1.8967250784238177,0.0001116323607372,,,,,,,cardiac_leads_ssl,,,,,
supervised,39,1.6802487677716194,1.9204238553841908,0.0001198352095646,,,,,,,cardiac_leads_ssl,,,,,
supervised,40,1.6115452101890078,1.9350138306617737,0.0001795455336832,,,,,,,cardiac_leads_ssl,,,,,
supervised,41,1.6303649633488757,2.006647845109304,0.0001896095030436,,,,,,,cardiac_leads_ssl,,,,,
supervised,42,1.671367087262742,1.922930091619492,0.0001328241442024,,,,,,,cardiac_leads_ssl,,,,,
supervised,43,1.6180578622412174,1.8451881607373557,0.0001502846450118,,,,,,,cardiac_leads_ssl,,,,,
supervised,44,1.643985961345916,1.9013183613618212,0.0001867359302802,,,,,,,cardiac_leads_ssl,,,,,
supervised,45,1.576521099881923,1.8098940749963124,0.0002269354457287,,,,,,,cardiac_leads_ssl,,,,,
supervised,46,1.64578858842241,1.9939647912979128,0.0003123684524931,,,,,,,cardiac_leads_ssl,,,,,
supervised,47,1.665364420160334,1.866591960191727,0.0003061602938032,,,,,,,cardiac_leads_ssl,,,,,
supervised,48,1.5940721719822986,1.8494331339995067,0.0001912598534848,,,,,,,cardiac_leads_ssl,,,,,
supervised,49,1.5805424401100645,1.8829256097475688,0.0001304871677045,,,,,,,cardiac_leads_ssl,,,,,
supervised,50,1.550942989105874,1.8459133605162303,0.0001948766163574,,,,,,,cardiac_leads_ssl,,,,,
supervised,51,1.5330693468134453,1.9366110861301424,0.0001726515571742,,,,,,,cardiac_leads_ssl,,,,,
supervised,52,1.6077671330025856,1.867254078388214,0.0002213085026596,,,,,,,cardiac_leads_ssl,,,,,
supervised,53,1.4994207164074511,1.993463973204295,0.0002519143245081,,,,,,,cardiac_leads_ssl,,,,,
supervised,54,1.5048848542761295,1.9016533195972445,0.0002220107865772,,,,,,,cardiac_leads_ssl,,,,,
supervised,55,1.5077418038185606,1.7392151753107707,0.0002426629410668,,,,,,,cardiac_leads_ssl,,,,,
supervised,56,1.5251815040060814,1.909290115038554,0.0002237395874544,,,,,,,cardiac_leads_ssl,,,,,
supervised,57,1.4960957334396687,1.825595925251643,0.0002288938473308,,,,,,,cardiac_leads_ssl,,,,,
supervised,58,1.4572191542767463,1.7897826035817463,0.0001650357474621,,,,,,,cardiac_leads_ssl,,,,,
supervised,59,1.519231874892052,1.953321784734726,0.0002399800438676,,,,,,,cardiac_leads_ssl,,,,,
supervised,60,1.4479344575963122,1.809845010439555,0.0001946652813179,,,,,,,cardiac_leads_ssl,,,,,
supervised,61,1.5213037221989734,1.8649799327055612,0.0001915254100216,,,,,,,cardiac_leads_ssl,,,,,
supervised,62,1.4300524072444185,1.89326669772466,0.0001791836654471,,,,,,,cardiac_leads_ssl,,,,,
supervised,63,1.4857963171411068,1.858152002096176,0.000281501939753,,,,,,,cardiac_leads_ssl,,,,,
supervised,64,1.5131117866394368,1.893022398153941,0.0001583291602097,,,,,,,cardiac_leads_ssl,,,,,
supervised,65,1.4920942732628355,1.8094159066677091,0.0003079556414983,,,,,,,cardiac_leads_ssl,,,,,
supervised,66,1.446854109459735,1.8312698304653168,0.0003370221844913,,,,,,,cardiac_leads_ssl,,,,,
supervised,67,1.4586647241673572,1.9817943374315896,0.0002254518991928,,,,,,,cardiac_leads_ssl,,,,,
supervised,68,1.43539460161899,1.824657400449117,0.0002652169035476,,,,,,,cardiac_leads_ssl,,,,,
supervised,69,1.4228496855877817,1.7212505241235097,0.0003250733407185,,,,,,,cardiac_leads_ssl,,,,,
supervised,70,1.4412069980134354,1.8442625999450684,0.0001708340805635,,,,,,,cardiac_leads_ssl,,,,,
supervised,71,1.4393060562458444,2.035182724396388,0.0002068704937604,,,,,,,cardiac_leads_ssl,,,,,
supervised,72,1.3730015957609136,1.7383028368155162,0.0004210466577205,,,,,,,cardiac_leads_ssl,,,,,
supervised,73,1.4124973124646123,1.807068109512329,0.0004066255908886,,,,,,,cardiac_leads_ssl,,,,,
supervised,74,1.3706084007912491,1.827367901802063,0.0002946625651626,,,,,,,cardiac_leads_ssl,,,,,
supervised,75,1.3755543029054682,1.871568719546,0.0004573567857732,,,,,,,cardiac_leads_ssl,,,,,
supervised,76,1.4262175788270666,1.9770573178927104,0.0003691422207339,,,,,,,cardiac_leads_ssl,,,,,
supervised,77,1.4329467758219292,1.8477779626846316,0.0003257686742775,,,,,,,cardiac_leads_ssl,,,,,
supervised,78,1.3912653618670523,1.9826506773630777,0.0002766708203125,,,,,,,cardiac_leads_ssl,,,,,
supervised,79,1.5330125930461478,1.780665655930837,0.0003717718312448,,,,,,,cardiac_leads_ssl,,,,,
supervised,80,1.4109688160267282,1.8337748448054,0.0003000399507679,,,,,,,cardiac_leads_ssl,,,,,
supervised,81,1.3474837769853307,1.7553048034509022,0.0004984140826612,,,,,,,cardiac_leads_ssl,,,,,
supervised,82,1.3462831669665398,1.7137385507424672,0.0003791983126575,,,,,,,cardiac_leads_ssl,,,,,
supervised,83,1.3665326072814616,1.8371716837088268,0.0002811824142554,,,,,,,cardiac_leads_ssl,,,,,
supervised,84,1.434799343981641,1.818295270204544,0.0004422977987511,,,,,,,cardiac_leads_ssl,,,,,
supervised,85,1.3860300906161045,1.69008207321167,0.0004418421964752,,,,,,,cardiac_leads_ssl,,,,,
supervised,86,1.3148003943423008,1.735206792751948,0.0004876045750279,,,,,,,cardiac_leads_ssl,,,,,
supervised,87,1.3714054620012324,1.7589173316955566,0.0003753088370406,,,,,,,cardiac_leads_ssl,,,,,
supervised,88,1.332908404634354,1.6468349993228912,0.000661919422176,,,,,,,cardiac_leads_ssl,,,,,
supervised,89,1.311777561268908,1.7949784696102142,0.0004051592889785,,,,,,,cardiac_leads_ssl,,,,,
supervised,90,1.324364847325264,1.712595174709956,0.0004756023336085,,,,,,,cardiac_leads_ssl,,,,,
supervised,91,1.3606243234999635,1.786629140377045,0.0002473491398025,,,,,,,cardiac_leads_ssl,,,,,
supervised,92,1.3612707117770582,1.8131754994392395,0.000455065166534,,,,,,,cardiac_leads_ssl,,,,,
supervised,93,1.350432484707934,1.707549939552943,0.0004171221601912,,,,,,,cardiac_leads_ssl,,,,,
supervised,94,1.3633845156811653,1.6964631179968517,0.0004005612305869,,,,,,,cardiac_leads_ssl,,,,,
supervised,95,1.362265777080617,1.7360050678253174,0.0004637388010451,,,,,,,cardiac_leads_ssl,,,,,
supervised,96,1.3495941288927769,1.6685315668582916,0.0009021693003887,,,,,,,cardiac_leads_ssl,,,,,
supervised,97,1.3330827596339774,1.7162309388319652,0.0005815807586865,,,,,,,cardiac_leads_ssl,,,,,
supervised,98,1.2989309036985357,1.7213562031586964,0.0005381870032579,,,,,,,cardiac_leads_ssl,,,,,
supervised,99,1.2998941426581525,1.8972626030445097,0.000395131730329,,,,,,,cardiac_leads_ssl,,,,,
supervised,100,1.3457932979502576,1.7139728764692943,0.0005099160189274,,,,,,,cardiac_leads_ssl,,,,,
supervised,101,1.383175327422771,1.7492112517356873,0.0003102545306319,,,,,,,cardiac_leads_ssl,,,,,
supervised,102,1.3160880930880283,1.7579391101996105,0.0005000214284033,,,,,,,cardiac_leads_ssl,,,,,
supervised,103,1.2859498313132751,1.669595688581467,0.0007257332266211,,,,,,,cardiac_leads_ssl,,,,,
supervised,104,1.3385818055335512,1.7503759463628132,0.0005918020433455,,,,,,,cardiac_leads_ssl,,,,,
supervised,105,1.3607730129931837,1.7860134045283,0.0006543777793316,,,,,,,cardiac_leads_ssl,,,,,
supervised,106,1.3729111488829269,1.7595721781253817,0.0006179364305959,,,,,,,cardiac_leads_ssl,,,,,
supervised,107,1.307622381981383,1.890167166789373,0.0005633277566327,,,,,,,cardiac_leads_ssl,,,,,
supervised,108,1.303039956600108,1.7646866242090862,0.0005876904154623,,,,,,,cardiac_leads_ssl,,,,,
supervised,109,1.286740059548236,1.8075395226478577,0.0005561122816288,,,,,,,cardiac_leads_ssl,,,,,
supervised,110,1.2849865365535655,1.8736987213293712,0.0005217853783202,,,,,,,cardiac_leads_ssl,,,,,
supervised,111,1.3108693589555456,1.7702974081039429,0.0004494245319316,,,,,,,cardiac_leads_ssl,,,,,
supervised,112,1.302020707028977,1.7060006260871887,0.0006148661474677,,,,,,,cardiac_leads_ssl,,,,,
supervised,113,1.2942003721886493,1.882477839787801,0.0006077309996423,,,,,,,cardiac_leads_ssl,,,,,
supervised,114,1.303361398108462,1.677376568317413,0.0006407188399559,,,,,,,cardiac_leads_ssl,,,,,
supervised,115,1.3539426707206887,1.7778079907099409,0.0005957422181381,,,,,,,cardiac_leads_ssl,,,,,
supervised,116,1.31089955695132,1.6925068596998851,0.0009237074834042,,,,,,,cardiac_leads_ssl,,,,,
supervised,117,1.301140620353374,1.8468134999275208,0.0006808332461029,,,,,,,cardiac_leads_ssl,,,,,
supervised,118,1.250932310489898,1.822122613588969,0.0007217720073337,,,,,,,cardiac_leads_ssl,,,,,
supervised,119,1.2667827377928065,1.8356476823488872,0.0006848739891817,,,,,,,cardiac_leads_ssl,,,,,
supervised,120,1.346392864876605,1.7440040111541748,0.0009740621274734,,,,,,,cardiac_leads_ssl,,,,,
supervised,121,1.2528349972785788,1.7744952340920763,0.0008305846095026,,,,,,,cardiac_leads_ssl,,,,,
supervised,122,1.3018930288071329,1.786551336447398,0.000426517897722,,,,,,,cardiac_leads_ssl,,,,,
supervised,123,1.3362473300162785,1.9406514763832088,0.0006952163445627,,,,,,,cardiac_leads_ssl,,,,,
supervised,124,1.2470703404000465,1.8259133497873945,0.0006498561827659,,,,,,,cardiac_leads_ssl,,,,,
supervised,125,1.273049275925819,1.8043069938818612,0.000748529380265,,,,,,,cardiac_leads_ssl,,,,,
supervised,126,1.2431723285228649,1.6699040432771046,0.000823052333241,,,,,,,cardiac_leads_ssl,,,,,
supervised,127,1.339444896008106,1.7893116275469465,0.000722053067875,,,,,,,cardiac_leads_ssl,,,,,
supervised,128,1.294257671275037,1.7328965266545613,0.0009715275009511,,,,,,,cardiac_leads_ssl,,,,,
supervised,129,1.3044237202786384,1.6950111488501232,0.0007125210152783,,,,,,,cardiac_leads_ssl,,,,,
supervised,130,1.272421324506719,1.6913030246893566,0.000826812836749,,,,,,,cardiac_leads_ssl,,,,,
supervised,131,1.2639034352404006,1.6798099279403689,0.0007502899534301,,,,,,,cardiac_leads_ssl,,,,,
supervised,132,1.2266677795572485,1.681165764729182,0.0011437117670235,,,,,,,cardiac_leads_ssl,,,,,
supervised,133,1.2281910840501176,1.7820337116718292,0.0010552442836342,,,,,,,cardiac_leads_ssl,,,,,
supervised,134,1.2182512131143124,1.6638993720213573,0.0008444478638314,,,,,,,cardiac_leads_ssl,,,,,
supervised,135,1.2910828387483635,1.7774545749028523,0.0009114067797781,,,,,,,cardiac_leads_ssl,,,,,
supervised,136,1.2707295240239893,1.701041320959727,0.0010818411319633,,,,,,,cardiac_leads_ssl,,,,,
supervised,137,1.229684555784185,1.787229984998703,0.0007621222515202,,,,,,,cardiac_leads_ssl,,,,,
supervised,138,1.3006158635971394,1.7108996311823528,0.000648142088418,,,,,,,cardiac_leads_ssl,,,,,
supervised,139,1.3132440435125472,1.6911426683266957,0.000871368603839,,,,,,,cardiac_leads_ssl,,,,,
supervised,140,1.2794022458664915,1.7279695967833202,0.0006955776188988,,,,,,,cardiac_leads_ssl,,,,,
supervised,141,1.2036184123221865,1.6245244840780897,0.0009812935459194,,,,,,,cardiac_leads_ssl,,,,,
supervised,142,1.2041450104814897,1.7617538968722026,0.0007755857416971,,,,,,,cardiac_leads_ssl,,,,,
supervised,143,1.3230885292621368,1.548139105240504,0.0014266586998322,,,,,,,cardiac_leads_ssl,,,,,
supervised,144,1.2755474765250023,1.729139765103658,0.0010354539942151,,,,,,,cardiac_leads_ssl,,,,,
supervised,145,1.2408317352863067,1.854283610979716,0.0010996873291636,,,,,,,cardiac_leads_ssl,,,,,
supervised,146,1.2906120305365705,1.633406162261963,0.0010397066895772,,,,,,,cardiac_leads_ssl,,,,,
supervised,147,1.2863125471358603,1.6332308650016785,0.00084147243615,,,,,,,cardiac_leads_ssl,,,,,
supervised,148,1.3042352478554908,1.762784520785014,0.0006422762283667,,,,,,,cardiac_leads_ssl,,,,,
supervised,149,1.3070391416549685,1.6523085832595823,0.00120773887708,,,,,,,cardiac_leads_ssl,,,,,
supervised,150,1.264235592902975,1.8885291119416556,0.0007456829941171,,,,,,,cardiac_leads_ssl,,,,,
supervised,151,1.2228994749962014,1.760504553715388,0.0010645578222465,,,,,,,cardiac_leads_ssl,,,,,
supervised,152,1.2318537843988298,1.7989627222220104,0.0013937279642656,,,,,,,cardiac_leads_ssl,,,,,
supervised,153,1.251968652644056,1.8165747225284576,0.0009305819633785,,,,,,,cardiac_leads_ssl,,,,,
supervised,154,1.2469486606881974,1.8244800170262652,0.0007411869810312,,,,,,,cardiac_leads_ssl,,,,,
supervised,155,1.2692373965648895,1.7124778230985005,0.0007576411420207,,,,,,,cardiac_leads_ssl,,,,,
supervised,156,1.2442867527616783,1.7748659153779347,0.0006778912841885,,,,,,,cardiac_leads_ssl,,,,,
supervised,157,1.307022896218807,1.7331241766611736,0.0007704767291822,,,,,,,cardiac_leads_ssl,,,,,
supervised,158,1.236863597910455,1.95586891969045,0.0007377764147046,,,,,,,cardiac_leads_ssl,,,,,
supervised,159,1.2577839557160722,1.6957438091437025,0.0009355092746166,,,,,,,cardiac_leads_ssl,,,,,
supervised,160,1.2179171125939552,1.733311762412389,0.0007865712226096,,,,,,,cardiac_leads_ssl,,,,,
supervised,161,1.2548776129458814,1.7918257415294647,0.0009989388927351,,,,,,,cardiac_leads_ssl,,,,,
supervised,162,1.2424475969152249,1.6791608532269795,0.0008565704216986,,,,,,,cardiac_leads_ssl,,,,,
supervised,163,1.2269063198820074,1.6527169247468312,0.0010017956689504,,,,,,,cardiac_leads_ssl,,,,,
supervised,164,1.198454387644504,1.831616729497909,0.0011385099545198,,,,,,,cardiac_leads_ssl,,,,,
supervised,165,1.225876787875561,1.6911742985248566,0.0009131094096422,,,,,,,cardiac_leads_ssl,,,,,
supervised,166,1.2692425530007545,1.7011401057243347,0.0010063662775792,,,,,,,cardiac_leads_ssl,,,,,
supervised,167,1.225725123222838,1.651958405971527,0.0005784314441067,,,,,,,cardiac_leads_ssl,,,,,
supervised,168,1.2581835224273357,1.81111404299736,0.0004222291184608,,,,,,,cardiac_leads_ssl,,,,,
supervised,169,1.3166047283943665,1.7650369207064311,0.0008942985878093,,,,,,,cardiac_leads_ssl,,,,,
supervised,170,1.27647901595907,1.8718324800332389,0.0008279813943469,,,,,,,cardiac_leads_ssl,,,,,
supervised,171,1.2406834795119914,1.6480658253033955,0.0011474563192071,,,,,,,cardiac_leads_ssl,,,,,
supervised,172,1.258804808271692,1.6912932495276134,0.0007056553537646,,,,,,,cardiac_leads_ssl,,,,,
supervised,173,1.1880466481472582,1.7768313189347584,0.0009270803833108,,,,,,,cardiac_leads_ssl,,,,,
supervised,174,1.1981145067417875,1.704513321320216,0.0010548101029902,,,,,,,cardiac_leads_ssl,,,,,
supervised,175,1.2082211489373065,1.7306463519732158,0.0015155315826026,,,,,,,cardiac_leads_ssl,,,,,
supervised,176,1.246721904328529,1.949292172988256,0.0009452129064205,,,,,,,cardiac_leads_ssl,,,,,
supervised,177,1.2272455235745043,1.752384106318156,0.0009012278593824,,,,,,,cardiac_leads_ssl,,,,,
supervised,178,1.239680995332434,1.78462748726209,0.0009424468347181,,,,,,,cardiac_leads_ssl,,,,,
supervised,179,1.211544024183395,1.7649671634038289,0.0010950691260707,,,,,,,cardiac_leads_ssl,,,,,
supervised,180,1.240353617262333,1.7282087604204814,0.000720635910208,,,,,,,cardiac_leads_ssl,,,,,
supervised,181,1.2391774527570034,1.9880128304163616,0.0009361485111488,,,,,,,cardiac_leads_ssl,,,,,
supervised,182,1.240249473997887,1.7905031541983287,0.0009391210332978,,,,,,,cardiac_leads_ssl,,,,,
supervised,183,1.24174191850297,1.8807579974333448,0.0009451042036137,,,,,,,cardiac_leads_ssl,,,,,
supervised,184,1.2849016975849232,1.710094789663951,0.0012658758205361,,,,,,,cardiac_leads_ssl,,,,,
supervised,185,1.2486948383615373,1.8520163595676424,0.0007056499719813,,,,,,,cardiac_leads_ssl,,,,,
supervised,186,1.2071960860110345,1.830514629681905,0.0010313270128487,,,,,,,cardiac_leads_ssl,,,,,
supervised,187,1.2161727433509015,1.840204417705536,0.0010745799348417,,,,,,,cardiac_leads_ssl,,,,,
supervised,188,1.2466871383342335,2.004499634106954,0.0007633774876012,,,,,,,cardiac_leads_ssl,,,,,
supervised,189,1.2249125445142706,1.6612958709398906,0.0011778422073499,,,,,,,cardiac_leads_ssl,,,,,
supervised,190,1.2054821430368627,1.6581124365329742,0.0011880887250299,,,,,,,cardiac_leads_ssl,,,,,
supervised,191,1.239521396921036,1.625349799791972,0.001160036289851,,,,,,,cardiac_leads_ssl,,,,,
supervised,192,1.227624479760515,1.7193967302640278,0.0011070413092966,,,,,,,cardiac_leads_ssl,,,,,
supervised,193,1.2743033906246752,1.7830426295598347,0.0016123518095506,,,,,,,cardiac_leads_ssl,,,,,
supervised,194,1.2590716240253854,1.7683951358000438,0.0011250641643224,,,,,,,cardiac_leads_ssl,,,,,
supervised,195,1.2408201872034277,1.8880061904589336,0.0013654766905043,,,,,,,cardiac_leads_ssl,,,,,
supervised,196,1.2115488103095522,1.8974051376183827,0.0008760062676932,,,,,,,cardiac_leads_ssl,,,,,
supervised,197,1.236668495421714,1.724877417087555,0.001315937959589,,,,,,,cardiac_leads_ssl,,,,,
supervised,198,1.202532910286112,1.7554063498973846,0.0009285935520892,,,,,,,cardiac_leads_ssl,,,,,
supervised,199,1.249807781361519,1.7143675486246746,0.0013619034919732,,,,,,,cardiac_leads_ssl,,,,,
supervised,200,1.2175318002700806,1.642711102962494,0.0011308518223813,,,,,,,cardiac_leads_ssl,,,,,
supervised,1,0.4170454632728658,0.5964269389708837,0.49316298092405,9.818017756497415,16.97647941774792,9.918025394280752,,18.026151100794475,,cardiac_leads_stabilized_selection_v7,22.985261758168537,,,15.126392088057814,22.985261758168537
supervised,2,0.4121493855689434,0.5960037832458814,0.4935638271272182,9.739261639338952,17.015751885043247,10.014276524384815,,18.026151100794475,,cardiac_leads_stabilized_selection_v7,23.00682802995046,,,15.055074779578934,23.00682802995046
supervised,3,0.4068272709846496,0.5971450507640839,0.4927910355230172,9.59756123688486,17.002109679910873,10.055953999360405,,17.943547010421753,,cardiac_leads_stabilized_selection_v7,23.00682802995046,,,14.913555739820008,23.00682802995046
supervised,4,0.4079451954111139,0.5955821548899015,0.493888895958662,9.63252268290078,16.940756565994686,10.055953999360405,,17.943547010421753,,cardiac_leads_stabilized_selection_v7,22.822768688201904,,,14.903374285223304,22.822768688201904
supervised,5,0.4064991023946315,0.5932481164733568,0.4951109526058038,9.57120390622704,16.939056800471413,10.05085470279058,,17.943547010421753,,cardiac_leads_stabilized_selection_v7,22.822768688201904,,,14.839441418702954,22.822768688201904
supervised,6,0.4098204919632445,0.5937469750642776,0.4949125200510025,9.691957627733547,17.00787197219001,10.05085470279058,,17.943547010421753,,cardiac_leads_stabilized_selection_v7,23.029214203357697,,,15.00876262552208,23.029214203357697
supervised,7,0.4031735899600577,0.5936669831474622,0.4954067021608352,9.704876647503289,16.989127132627697,9.994620184103647,,17.943547010421753,,cardiac_leads_stabilized_selection_v7,23.029214203357697,,,15.018818797115928,23.029214203357697
supervised,8,0.4011637961610834,0.5943184246619543,0.4946289335687955,9.465084978827724,16.833361744880676,9.623605946699778,,17.943547010421753,,cardiac_leads_stabilized_selection_v7,22.932932277520496,,,14.7457497416823,22.932932277520496
supervised,9,0.3994593810527883,0.5942218030492464,0.4945619317392508,9.504247180841588,16.857265419430203,9.578746378421783,,17.779776334762573,,cardiac_leads_stabilized_selection_v7,23.21327354510625,,,14.843504568327356,23.21327354510625
supervised,10,0.4003852421933032,0.5947901209195455,0.4938742630183697,9.495175777762023,16.850502530733745,9.578746378421783,,17.943547010421753,,cardiac_leads_stabilized_selection_v7,23.029214203357697,,,14.7983203454702,23.029214203357697
supervised,11,0.4024766157282159,0.593447245657444,0.4955306574702263,9.473482228539607,16.955657018555534,9.894209841887156,,17.943547010421753,,cardiac_leads_stabilized_selection_v7,23.029214203357697,,,14.783829456126249,23.029214203357697
supervised,12,0.3996378823797754,0.59505162636439,0.493890763570865,9.523508959346348,16.867612136734856,9.63007519642512,,17.943547010421753,,cardiac_leads_stabilized_selection_v7,23.029214203357697,,,14.828331486549642,23.029214203357697
supervised,1,0.4507930215368879,0.6033412391940752,0.4811660200357437,7.816898887908017,11.510317742824554,9.593020816644032,,10.575420300165812,,cardiac_leads_stable_centroid_v5,14.362512111663818,,,8.581114509260212,
supervised,2,0.4422223415780574,0.5973871424794197,0.4877915208538373,8.98591081742887,14.41175897916158,9.729248821735382,,10.337668855985006,,cardiac_leads_stable_centroid_v5,23.168359259764355,,,10.172091622595431,
supervised,3,0.440811998666601,0.5990862175822258,0.4870185094575087,8.916144090670127,14.392343786027697,9.410549183686577,,10.337668855985006,,cardiac_leads_stable_centroid_v5,23.42881331841151,,,10.100958639659265,
supervised,4,0.439204715033795,0.597356878221035,0.4886275331179301,7.699096905412499,11.523343967066872,9.421439111232758,,10.950988133748371,,cardiac_leads_stable_centroid_v5,14.197604656219482,,,8.450343434236668,
supervised,5,0.4426756729470922,0.5970079203446707,0.488535547008117,9.023478808226407,14.660844961802164,9.791857600212095,,10.945662260055542,,cardiac_leads_stable_centroid_v5,23.24501502513885,,,10.2455344584805,
supervised,6,0.4498674666627924,0.5878639568885168,0.4941645562648773,8.016099161571924,11.366405308246613,9.387013018131256,,10.46606214841207,,cardiac_leads_stable_centroid_v5,14.246140758196512,,,8.732730845279162,
supervised,7,0.4336618153338736,0.5923368036746979,0.4940466073652108,8.909016440312067,14.379768828550974,9.614485263824465,,10.450356165568031,,cardiac_leads_stable_centroid_v5,23.074465056260426,,,10.077888549864293,
supervised,8,0.4469274161977971,0.5862744674086571,0.4951948225498199,7.941131803172606,11.36785246928533,9.66107682387034,,10.283969720204672,,cardiac_leads_stable_centroid_v5,14.158510863780975,,,8.655920028465765,
supervised,9,0.4244739070851752,0.599849152068297,0.4892140341301759,9.69996352273005,16.868264926804436,9.466298679510752,,17.716920733451843,,cardiac_leads_stable_centroid_v5,23.421575367450718,,,11.251775193490364,
supervised,10,0.4305734837308843,0.5954143106937408,0.4936049145956834,10.01141977696507,16.85576860772239,9.925429026285808,,17.43898061911265,,cardiac_leads_stable_centroid_v5,23.202896177768707,,,11.552575238932064,
supervised,11,0.4408381815920484,0.600586382051309,0.4877951989571253,9.668642480064324,16.833851562605965,9.508893489837646,,17.77001444498698,,cardiac_leads_stable_centroid_v5,23.222646752993267,,,11.218129816540966,
supervised,12,0.4297651268066244,0.5974668016036352,0.4923825773100058,9.826945023956124,16.718149708376988,9.383285502592722,,17.397178053855896,,cardiac_leads_stable_centroid_v5,23.373985568682357,,,11.34990232559266,
supervised,0,,0.5972477893034617,0.491653478393952,7.819034195608562,11.499723454316458,9.617319564024609,,10.787217458089192,,cardiac_leads_warmstart_guard_v8,14.094633340835571,,,10.804626252419416,14.094633340835571
supervised,1,0.4160272586852946,0.5952664340535799,0.4935801476240158,9.581979382369251,16.922007898489635,9.75461083650589,,18.026151100794475,,cardiac_leads_warmstart_guard_v8,22.985261758168537,,,14.884072228603891,22.985261758168537
supervised,2,0.4091514329961006,0.5960429807504019,0.4933428515990575,9.79539143597638,16.97647941774792,9.918025394280752,,18.026151100794475,,cardiac_leads_warmstart_guard_v8,22.985261758168537,,,15.103406026186766,22.985261758168537
supervised,3,0.4115064068043486,0.5965823655327162,0.4927853060265382,9.610974801911247,16.938935657342274,9.967887183030449,,18.026151100794475,,cardiac_leads_warmstart_guard_v8,22.822768688201904,,,14.88385149323278,22.822768688201904
